document, classification, score
5, pos, -8.10769031284391
5, neg, -8.906681345001262
